X,sample
0.13532240602442325,1.0345235504545005
0.8001902383996664,5.702981761342515
0.967291390102238,2.045938992852661
0.3603198788494628,3.360514625893898
0.4230805777120529,2.2725156539955123
0.3968346046692517,1.2528687868240824
0.04233085977437279,0.6280825969319669
0.7714143607311604,1.464245133280295
0.11594027442380206,1.0768687764819171
0.7977540863581956,2.841626249954891
0.15587847258412935,0.8473157798667116
0.20279609313795133,0.7898317530009645
0.3348179742879209,3.051667858313226
0.9656143328941934,2.5129483572998903
0.4209413014577408,1.13746243388043
0.09594290176226306,1.3393387908585501
0.5781269052553376,1.1614038807640445
0.6766038758665729,2.007230568180625
0.569660295452296,1.0765631835984908
0.8749580656556993,3.2494830763900016
0.5125616843527104,2.5698144581694238
0.7542349121827736,1.054795337557736
0.7010664598560231,0.7259441791656683
0.2117345376368437,0.6938371894201968
0.2557632421164623,3.80085120996563
0.7271156359101757,4.470628287684663
0.2935104330635562,1.0013674313690235
0.06409197173490133,1.5341018703029239
0.3480162170677561,1.4490541001914723
0.4473333971518231,2.296883006992381
0.2563852029521212,0.8064457227379432
0.8977330534023047,1.8122576042372924
0.1478435390793078,1.3565871174006268
0.08916548814591174,3.5501607406848636
0.6241935920503321,1.9612605564178647
0.9556599340854983,3.696403865014527
0.6629926085966794,2.2929993294063094
0.11806747014774288,0.7183791520664228
0.30920595257755057,0.7486190439443293
0.6706065187305748,3.319899099150145
0.3326565796201988,0.8391958837740718
0.11839221521581655,1.2364016891913812
0.09270277119787518,0.8377849228673502
0.01801285334180125,1.110379997063963
0.7181210762461443,1.4972635067331337
0.23482038517976955,1.521901565585195
0.4160167760648128,0.8955135693720655
0.16708240304843547,1.6251892347299952
0.9583403077693133,2.0929999954021743
0.9886224413879242,2.5664593806365037
0.9401818697760982,3.3525926679397204
0.0692668484307154,0.8085019468205027
0.4297134818785464,1.1586295894183007
0.6601616842081415,3.1071084445489574
0.6579072841634575,0.8674213912926374
0.5161350818571095,0.7057006886664554
0.9742686172472971,11.797386080188765
0.24931233658167629,1.4358504393902276
0.17123142581862083,1.59165865830355
0.02086580431092766,0.5619440295260684
0.9548779235775066,3.298984294930856
0.9616247219467321,1.844002509897736
0.45643202346969336,1.9614075959169126
0.5939494698695056,6.3861419025454556
0.949076995275229,2.799411279346033
0.2460374027338622,1.279959055231006
0.6615314439019823,3.051828581373734
0.9259170558698492,2.8869655930117224
0.9148586665831576,2.5518712031216246
0.8443128497497433,1.9883315688062253
0.17057605608354642,1.5874628424197885
0.9901731187736978,3.645650388777376
0.9709713350084961,3.0149842790298536
0.035079449026624854,1.4552112652923852
0.9831814286228387,1.7560090595685676
0.18781750586198043,2.0604054647630106
0.5699267103157818,1.131536004175243
0.004547756466736996,0.4248809409004006
0.4655247031975337,0.701362527856238
0.10175695084071035,1.1976940143537247
0.3278520603334888,1.2747889152998957
0.20817102221285932,1.0481251165852936
0.9047739930824846,2.2238598333905024
0.2559022069801451,0.8825279806531511
0.6384259519361125,2.228598749777478
0.6412792089830647,7.91803381879231
0.7908428277917261,2.8020316154219804
0.6857328352642166,2.581732699411654
0.07478306426686299,1.156027050915441
0.9070601870944438,2.0232858454747777
0.6181695035564937,1.9051143874055152
0.555384196938241,1.1105276914483855
0.20429129867972762,1.334271866598125
0.39878963939044576,0.37773265629437536
0.1531181758764334,1.1093699140618054
0.365868795304252,2.8204758247715582
0.705816415856811,5.5882387777968425
0.5466158935562638,2.301705268486367
0.1994701579465089,0.5518741950927073
0.3231663729035271,1.3381199958459897
0.5251504821243894,1.1537520339309526
0.6364726602576314,7.237025756547213
0.6321926660404217,1.0400271444536697
0.8960208665892146,4.151830237085926
0.7885959828487021,1.441671506905414
0.5794294823639117,2.3569569693091306
0.8302756139694899,0.9654427028355561
0.0938603359550294,0.7550444742012955
0.43004377508952685,0.9441694633912956
0.13223184779594233,1.5089967877316797
0.3028583866853034,1.6905789580468082
0.4486743216644292,1.2845023357415988
0.15447655403988503,2.0083349922577742
0.05239855682329364,3.1032355187949823
0.983794492289468,5.902703682715107
0.712959023033068,1.4653046605151043
0.43008047984092945,1.3574094912052612
0.39070755725643214,1.4749815351426085
0.7405440354267323,6.139596605533263
0.15589156134053717,0.9671618157183823
0.40604605141100336,1.8057331663988416
0.27304900121775266,0.3710943898471639
0.6086295156663716,1.2351678605888485
0.4119700121971067,1.5203333614856245
0.9905665099238519,4.355744034722132
0.2695157666424228,1.5124985790652727
0.3842048035335701,1.599497770548772
0.928818560295636,5.115802722825198
0.5310485697330688,1.265199102686168
0.04332303965936679,1.4014187896933878
0.1834965306683778,1.1053938684983535
0.5659859443252367,1.7343545481590215
0.4125992469989287,2.8929281667977245
0.9781688286969714,3.192014435089107
0.3080078030313621,0.8369174110771638
0.009672339011552622,0.6198184061945702
0.748426085211348,1.070587131846044
0.9010078807936991,1.842998101608655
0.793125396408614,3.1414771235758545
0.331813912609067,1.0625482151104222
0.09127681713018332,1.050184844345714
0.7599773975975436,2.3074187627844327
0.8220681886570778,0.9044501380210047
0.46169715640249087,1.5569789484981444
0.6192893646644008,7.758315049094722
0.5202365850512385,2.218168102265916
0.8774446847358387,0.8614085310256135
0.16194632819984178,1.303667856719374
0.11169316722075695,1.5750699950233846
0.1965866402983445,1.2921408945889812
0.5839571665674076,1.7719824391636625
0.7267072254081783,3.1239446630494516
0.9320278181063336,1.9310098998316054
0.7264941043892365,1.1466105489994975
0.042613032618735835,0.8785489658026766
0.8257411982249196,2.925749385800707
0.5625867789778125,0.682804365457475
0.1642905323425815,1.2929996455106763
0.5495138749747457,1.4561983273534604
0.8591052294100157,4.508722006025284
0.04426809803890708,0.631186276365596
0.01939683541197601,0.7192501802301999
0.7453787837685856,1.674220917418758
0.2699990019321651,2.515904811788794
0.1633057038989404,1.58828448223339
0.3000772401331937,1.2096765153594535
0.01292350302882428,1.4006707751522087
0.6564744574128464,1.0592531530454459
0.11955951655708208,2.104590827798043
0.954770745076128,1.7532674055705835
0.01828364977873853,1.0618634933250348
0.43435838129340265,1.4564587501968338
0.21409395490353855,1.689994367160583
0.6295898422000978,1.917582625650163
0.26026747150576257,1.0084011347684245
0.6040409512637805,2.628864046683911
0.9707377092506995,6.599966182791006
0.24400431832957836,1.3736678684851176
0.5638519864292977,1.31127682390291
0.7533528056705814,2.4838878248268554
0.5657987658798542,5.133640673832325
0.7710825949863718,1.3812969713391539
0.419684910419182,1.433131822907131
0.75059424324888,2.643674540910607
0.9198704333691655,2.2646660235142564
0.006384168851339855,0.9591689770577202
0.24211751612480714,4.130665939800219
0.4711910622732163,2.592247179861826
0.9010997598592416,3.77352839857896
0.4941385251846323,1.3743828175257033
0.01254669942940434,0.5446817831977134
0.8794814533850592,8.102317987290943
0.2660036062486181,0.5796599761396537
0.34614985797440123,2.197668875931807
0.10607767090270981,3.270677500128244
0.5785325726520378,1.274884934606834
0.795031204443968,4.194635598969507
0.7883025483375571,0.6744156697994285
0.12747484986993063,1.4477178384902127
0.9023797543603543,2.3568688925047243
0.9965631042938383,0.5411523923102736
0.22241718038255176,2.0834399720829215
0.62480874529961,4.075751639479104
0.2578410628774892,1.5797011948442106
0.8633649019156838,1.2662324963213387
0.03973727096112467,1.3459758882095774
0.6189205608724675,0.3684053752710467
0.35925398091964134,1.0504948669629774
0.7095272978773901,1.0637449821190206
0.7529600449515634,1.0351361507174348
0.7198726641533753,2.9619621625746437
0.7435722630618882,0.5824022666250135
0.7429229987192357,1.5954539041085294
0.6362517097630405,1.608120288380077
0.7199712571492427,1.609531334356189
0.028600094528979603,3.3258901332827584
0.2333709518591055,3.0461189555633243
0.9768782705056714,3.3958677222975346
0.4891924967860929,2.1443842884230664
0.4349843018111528,2.5480867599217554
0.043492290557570645,0.8404599556675197
0.24031919385470002,0.9968775778463443
0.5568093763686134,1.5045804654717139
0.4449104369353807,1.7624796823806603
0.4566058205262413,1.5658488033022846
0.9524947211749246,2.2589223745540505
0.10673927753936052,1.1908643777381842
0.6996954321338025,2.5852778084738275
0.42756748585332005,1.2498229019603349
0.1869166113696772,1.0560483285729383
0.5270848132570336,3.6727846223364784
0.4048340121762277,2.9994471479575875
0.1208065019130834,0.8224380683916297
0.7709844450242552,1.7421915313134482
0.5448195027220525,3.6656242504442527
0.3911903189549816,0.7248545146360273
0.5537624763645489,0.7421593481204032
0.019851266103280807,2.347163837865499
0.3757613533591754,1.297096256183262
0.613710244828897,2.3276073532380996
0.01254485272118977,1.6613840040260794
0.4321871823613066,3.3807556856698406
0.6399430641709056,1.175634470163881
0.8975110183594897,2.919240241308649
0.21036564004512193,1.2344934030909502
0.12453861458170867,1.3163288627734786
0.5268714514931268,3.2215178053097397
0.6826722310542368,1.774796785081484
0.35677431618745625,1.3755079477952263
0.9719674169731651,6.0734785016044
0.8041853362761385,5.459835611296775
0.16116906595612224,1.653181093774717
0.2857863859674731,1.369707308532078
0.06732507439445201,1.8155412833077202
0.5498000219918706,2.1129407744153332
0.43801664790821293,1.991897608919304
0.5237520826700488,2.4571445862121783
0.9058188204268789,1.687235739096445
0.4662488126381199,1.1001140257863877
0.6427546452272516,0.589530186880061
0.4850271957428798,1.0887449157778981
0.6052228605118777,2.5083771983242014
0.5340345146721737,1.2947961837692037
0.36741283585017115,1.8718954936969834
0.8788929506730945,4.643841795062762
0.10783272576793723,1.1000038996125323
0.7724842671277582,1.0812658951471337
0.012227323333805495,0.5525642765590004
0.38291795138297513,2.3740964302168095
0.5511496288771415,0.7719542890096306
0.3780164773229485,0.9724019861611646
0.9464134795477083,1.8881305286652803
0.5294715724288541,1.0600496597964366
0.4876923763187836,1.7452924283388864
0.8497980795755382,1.1645975075504915
0.6867826900443056,1.6211732415162246
0.543754071955366,1.2331093061857668
0.0018116579934931432,0.7189879800293651
0.3115510313438822,0.8385655254993561
0.7687325268289926,1.6113243550954366
0.7334827467985054,7.491885874872594
0.21542626222256334,4.635945216810487
0.6223673509277564,1.5886484944987445
0.1103914029497104,0.9647960144904538
0.8103609191675586,2.5353696912907173
0.07269725385567671,1.2375408675514927
0.3767572416320628,1.953601015879263
0.81299479399511,0.794532363001371
0.07097652954791656,1.057860847159467
0.09794024607972673,0.7570519231429341
0.7590812895190627,1.1833339242693772
0.3550737902022968,2.1786295671465243
0.5812974053897746,3.980551024071975
0.4679466244345528,2.096411968787544
0.40740498387826696,2.875847042386382
0.5633946553740872,1.4792235502214268
0.1270971584774726,1.0432660203542579
0.06796275163816945,0.5794422931150383
0.8995159339491624,1.459938889385447
0.27740322014652974,1.1994360954733614
0.8555976646029069,4.644386833552814
0.2560043892554288,0.9419623031944662
0.9022772875607283,4.23901735322445
0.43525317110820405,2.4791857529478674
0.5192489544458212,0.8855082391413852
0.7678033163757682,1.94012148832212
0.730486446450388,1.2362362734063146
0.2808590012216031,0.8591120002276145
0.7294246278491987,1.9151272629769556
0.9594645869564071,3.5577086712679327
0.9117945521754421,2.2625702311964657
0.5809699613796131,2.472284907336036
0.18910530520615343,0.739358420507842
0.19830074293847721,2.1736751176627083
0.06884763282175188,1.3835657773668297
0.33828285100309485,0.40618163701476095
0.8891739117697581,0.9056665418373506
0.23630106003923845,2.2427480146283405
0.9145624404170525,1.4502506487976539
0.4945084544090216,1.7917512111652747
0.20413398370169622,1.1531605816797836
0.8341980844271552,0.9422982143980714
0.9959356106614431,1.1117370378999427
0.4669255117216051,0.8353478301712237
0.49454412925904456,1.519955704513397
0.8225020651033432,2.5547653892132387
0.35651742597179736,0.59179403890367
0.5821621159840598,3.9649501607731765
0.5902031447841035,2.8158553401408524
0.9974440722476776,1.7029853187264206
0.12975937937294446,1.1318415217927946
0.19169191321740142,0.9511491242139237
0.27802710270818976,3.9224234303164622
0.28486153040148043,4.50571439977485
0.08365703079586673,0.6202628933294358
0.14239794550748752,2.196009463051922
0.7382820428195772,2.298305261760524
0.47098068397562054,2.3068437355149216
0.04498641345868548,1.2708108895202457
0.9515827569632502,1.5703789178208971
0.38926833997725807,3.8384111034188333
0.4783231341372509,1.9222237488781244
0.15787772691839497,1.982508360134178
0.43986585135540623,2.372839818184111
0.05732575808683171,0.6399339197480891
0.7768654398374161,0.7542447251302309
0.6949724239002386,0.6321701785593192
0.5062632314712731,2.6797935834146034
0.8877289754014167,1.8278189345750462
0.19623613212772073,1.1428402979261927
0.10481432136756097,1.76768601564302
0.42027166535106686,2.5222370646621366
0.7058994481350864,0.7616671220462259
0.09144626238770293,1.0973716458000728
0.4193698941701304,1.5843364024405084
0.21288127026914294,1.1849661122339188
0.21950552879557017,1.6094788202116066
0.16193199900979072,0.968245579442172
0.5644250143469816,1.9755236271061187
0.7797554636385685,1.7460666583194486
0.5988109538762818,1.0707126174661943
0.08174391169065609,0.8692941943436466
0.7466990997657719,0.5519902595144182
0.4778537343714314,1.038418955899209
0.6058068127887687,2.6093309940714184
0.7389644819580727,1.1855495785743526
0.23019540589797005,0.7081528207920055
0.37227036667623825,1.865527436229573
0.9902805911783652,3.4514756189493316
0.46987486975787196,2.651627478307889
0.7513498464997824,1.0810289452064883
0.39811528633749116,1.7446498249681572
0.8724049722928595,2.7699513057291862
0.05705569861968618,1.3395500529785827
0.06997860504345133,1.3123664591128725
0.44378220890179065,7.468008947961709
0.20156366617570942,0.5870037509395142
0.0243953631289221,0.41058450929053203
0.16764330895761392,2.952102275966026
0.7496664845634051,6.768795117147309
0.4356999104582324,3.1034803544977483
0.6454832363057927,2.0684305274892734
0.224063369448667,0.583633713031494
0.5331644394411634,1.9354339308386752
0.45490824907312244,2.1824584423349145
0.8960472330264764,1.5569739535410807
0.3053692520716361,0.9312275385175879
0.9276901321023473,2.2774379676388325
0.0722204762363845,2.0296366423157433
0.5333467140306309,2.228632154634045
0.5618193300299377,0.9335882488310274
0.9842326249615868,2.251582709145912
0.9509845821629285,1.6152699691671857
0.46872108200369145,2.4128518952657156
0.017462248701780925,0.5558668692688149
0.9865257017173769,3.6525853636380496
0.98564527520263,1.5629302812712855
0.14369097041680978,1.4050046448756535
0.9439544442507523,3.4164898423812557
0.521970275573567,1.7377746096863715
0.6194981459926172,0.8620082120911738
0.9639633523834155,1.2792514227094156
0.7268989266709323,1.08491293611272
0.4751931195639473,3.963232816915045
0.08354002172879382,0.6142670838848614
0.11350085132542431,0.7836984622921144
0.9034855868718848,1.4149828302642093
0.48376351275201135,3.1024596692230437
0.05259485990606849,2.00667801677225
0.8884803040819995,3.7360454544321926
0.2636547141165818,1.7427917391970693
0.77045848142598,1.5725147959298402
0.5159321173545408,2.455124823314021
0.7016173922763037,2.308769679642518
0.3086303952191448,0.9540844854031271
0.6587260407944909,0.8596977430419556
0.7631700788666592,0.6739187694485753
0.03749511564499086,0.8336339265444263
0.1428367334230194,1.0444534817337943
0.5458147658936635,1.5265181376252974
0.5456447998215871,2.889524998768796
0.05349773165911398,2.9787524268802494
0.8505958830072489,1.9458523012959907
0.40421579954036324,2.274305097507744
0.4702064456533147,2.649830347072707
0.2604017819936477,1.4785441187358686
0.6832814163415762,0.9453087126681439
0.14838965202221222,0.8613532701084902
0.9774727300750325,5.179490201838683
0.0741145047747701,2.008962292148885
0.23191939244340698,0.6499824889661978
0.31447157447178276,1.5902470477782842
0.7061735732385467,2.6422710792086006
0.549412567319961,2.575885622452604
0.08109614569924761,0.9049696374756138
0.5400515478738637,1.7969985007051819
0.8017216540364225,0.817888504495811
0.7430629292717345,0.8521565002588927
0.9839194009831229,2.6753505429926716
0.7381965102315857,1.5568654237102397
0.6145896471643327,2.8096730544507733
0.23287210707933048,3.102291548059753
0.9038453566597213,2.5339209975445005
0.268401134074033,0.49672350967596096
0.4691414936186977,1.290997908082374
0.6651583417333868,3.177592094014401
0.5558773315414063,4.223684110094854
0.552178756644212,1.445750497492387
0.13196043632101362,1.7626890315005463
0.07685058903094599,1.353805453928009
0.6391800106848097,3.866204646164399
0.6009730939525878,8.122208335993422
0.8367505784361832,2.6158091356477478
0.29697253298302395,1.2314861413306335
0.7226322631294061,5.356259802336168
0.315910293551262,1.2353202316197427
0.7928756050651622,3.6878386330045303
0.5602476366270973,2.984117764569151
0.7477366739250185,2.0850945169800728
0.6947859381240639,3.9291393006820816
0.7995507967226902,2.383492376772116
0.020089836415112083,2.045539808275597
0.8439588803000161,4.080482854207497
0.7565673489311916,1.8160177545293235
0.2416708482207648,1.0453239723596142
0.22021712524795067,2.6291167275234697
0.07682744138062769,1.5305931423424632
0.4434067627029157,1.273367444235471
0.02931382352624745,0.7750989689550938
0.541133409199716,1.581178028061142
0.9949191957596732,6.046312231487589
0.5929418633899621,0.5642972755845911
0.088364366040937,1.681111755035337
0.11335482273840103,0.9469615606223254
0.9433112127770241,3.8214874795382046
0.7503063233194779,2.5928142437261315
0.32891789157003826,1.1651655111972796
0.7112270191571703,2.5837601711216456
0.1769974410053683,1.2626900149132803
0.5979548830993625,1.6139361715937692
0.1311604706771441,1.1775743016486266
0.2749040519157291,1.0841973244072887
0.5819426952839585,1.727403164126855
0.03859359545174246,0.7419871280913075
0.9547953123274848,2.332626068375372
0.5664268665294058,2.878506486929545
0.46396360294896144,1.332403995456295
0.8890151446309943,3.3147998843945112
0.7216664270530977,2.1086067843037424
0.0029054812807808306,0.8185159363132026
0.1117951626794953,0.911294877222153
0.16941600215976438,1.284142975106455
0.329868292660632,1.0023664959168386
0.6688594736721961,2.9262045732271322
0.822045231745821,1.5963561650013316
0.7891795590040571,1.60311626737521
0.42427235327222546,1.167894337024578
0.23946257371420065,0.9826831146623838
0.8583086939352371,2.278446893522422
0.660469189264411,2.171644160963369
0.7570960918243443,0.5520665957805593
0.8525486391073532,3.630683858308429
0.9521463401660488,1.114712672362487
0.35906297459387093,1.366201812719659
0.6745656233103547,1.6591230477564987
0.8366052165379111,3.939545305353505
0.4441714502097165,1.644386711249098
0.588417896753994,1.261399763114883
0.05553720097534809,0.6799153680306027
0.9835880697806606,4.087310579205154
0.482239891402485,1.4333329035707627
0.8372612736678731,1.0283371546380282
0.38440074785301026,0.7720912330012565
0.3519041031349637,0.5905240557713232
0.23592299852126275,0.6052426010036314
0.8836324245637492,2.932138952912626
0.4845566819285284,0.997367664944586
0.8820924932344438,0.88632427328243
0.6064885893571839,2.001844182492408
0.8441223861375622,8.812173072442993
0.30345993250907466,0.5286545920237384
0.7564782384466157,2.569662868775676
0.6438972666296362,0.9289560649063362
0.12137842250804454,0.9866979463109831
0.36760836151126774,2.152447155603123
0.5942418191728026,1.675553417853758
0.20249834399715805,1.8097309499869674
0.321453932477312,1.7429597969309318
0.192222543639342,0.608055447532004
0.4747165215575557,2.37030294974549
0.3324906333663882,1.0228896940413459
0.9312846402438966,1.9116119194946033
0.4115221858795638,4.271618323510153
0.1063793440033528,0.42730707147265623
0.8515587200272676,1.5931830169401293
0.014921771443642928,1.9820196235333098
0.7760771223441771,1.718059135544934
0.7608330033924867,2.023699834081553
0.8592182695789643,2.0360688756363046
0.190123462089394,2.4855033145821643
0.5100217017576084,2.3029128233230103
0.8964725869645452,1.4169716167608746
0.034138988791243,0.7775924039390004
0.8595870793174818,0.9382713880926001
0.8867849829602277,3.1116113684010718
0.9310955394350477,2.3429786027493797
0.060448802374927224,1.6301581359653483
0.05499917474489602,1.241341957361588
0.8265541901936492,4.533867664216512
0.8438576201842783,1.319514725328838
0.49090439593437374,2.2250319039961317
0.9089848071797743,1.3574371940244412
0.4165476819834453,0.9462475335123842
0.06638586349588493,0.9071287465248722
0.7337703904616443,2.150286385183726
0.2585992354740819,1.9605542683231094
0.13010509705929396,0.5671821400865696
0.5800648450217196,1.2067738546707496
0.9818961090870124,2.2982225668990375
0.464711067275821,2.795072007270763
0.49946952309462433,1.5545525921038237
0.23246399147189445,0.9702683954519032
0.4478778650611287,3.1798848204330854
0.928641168955774,3.826796944327852
0.7996036563271441,2.2054256714173466
0.0018491207504290896,0.7661384754279414
0.9176884591082627,3.8844453435265116
0.21301245784156053,1.5804590152790476
0.22750148913508572,1.1941631498498537
0.4226488561547528,1.0574921210387547
0.22760666567859011,1.197955606398264
0.17488553499720494,0.989699004693487
0.11830252527485785,0.7689978431320127
0.9634694176282157,1.5609024884928728
0.940093484375253,2.7000719478320816
0.5409340732393125,5.8517267327397615
0.9759058252281956,2.8531209107468376
0.9733920234097952,3.1419800529686706
0.10011386966182256,1.0480039875472933
0.606398666099442,2.350039700611794
0.7216767892284317,2.0138458597756816
0.34192088694712974,2.774899866896433
0.5605197932814238,5.253208161381098
0.7280841234200505,1.7292589535638916
0.12364608087832263,1.6699447396071392
0.33217790905070155,1.4637440206255854
0.07107741121425815,1.923900369794349
0.6619531998098185,2.382503328470314
0.6305094593565979,0.8439175310737514
0.866752141657042,1.9623543705574678
0.7154599943968458,1.2331092808159436
0.8796388020325832,2.474942397941082
0.7744552661785589,1.9167868923212186
0.8285999419427366,1.0421391011232728
0.6622857531766517,1.7909351434992886
0.3889567398804088,0.8865347867528561
0.30711075353897155,0.6718767994869064
0.9772533191854011,1.307458485260628
0.4624313135798137,0.8499784529413221
0.3752596435018807,0.5932943692496022
0.40659803854768317,0.7794984555090385
0.6896399342809786,2.394622464137549
0.8394687255884953,1.282761370825494
0.17875118012108604,1.330609491267723
0.9795426345066873,2.6386448766354564
0.3763747326768896,1.3521540575782012
0.368650908259783,2.6956730435496374
0.7831236398978958,3.558603716725693
0.7590348976194363,2.487111720571667
0.3536675088892437,1.805422751678453
0.11783670674701263,0.915473306580682
0.666559661498592,4.250557110727003
0.9621298320387204,0.9738414714557618
0.02717520996316125,1.55077060118391
0.5811477517866608,1.9237899753578607
0.17509521635591752,1.1671968288885948
0.2707010488084015,1.92989436730158
0.5177041208048159,1.143727989834501
0.956205294995675,1.1645401821964554
0.8996017209575304,4.836169460442241
0.6697136103978194,0.30098246416709873
0.6225724485469077,2.4832909460305053
0.9964734672886569,3.385381403692078
0.3614721959783399,1.042825486662788
0.6428781231263149,0.8849873784233713
0.31737778510459425,2.7764944760659507
0.1653919402464935,2.7737715776664373
0.6665737547276754,1.058789377847999
0.9938481275259025,3.681129007446843
0.44859350430120837,3.8709820758938944
0.4401923561419119,2.4763052445851557
0.8186791237801752,2.865851354891444
0.27697115159571895,0.8924944436612726
0.1840959380493985,0.9411664547651076
0.859455891569164,1.2715984220512389
0.663848732202028,1.4395514880409435
0.01621226240130924,0.660815468000372
0.5315409417028004,1.9660384863638671
0.44802949631712485,2.5352372440412436
0.4250306730411363,1.2307105405906287
0.4901481851681718,2.480340813058098
0.21102467128801994,2.2555135865878646
0.8729495003918414,0.8959749741562113
0.05735277948199502,1.4276975253103774
0.29075437951294236,0.8053858386204454
0.4347800182065926,2.5720085107629886
0.5907886038402339,1.396571675858368
0.3319575397119746,1.3791520177520231
0.4327064953158414,1.1037152101438918
0.20655171758282154,1.5195559839164945
0.3662478189382483,1.7451920096754143
0.6302960897263497,0.7723921032358902
0.21242278545449167,2.1120555586790526
0.13635150725950573,1.3387316474560755
0.027003330649148394,1.283319432155539
0.7580566928885454,3.986616191326757
0.5577268669773652,1.2116538473035163
0.3580487224386495,5.492764765878289
0.3004507866048183,1.3252416404789569
0.746565185126558,2.521806914209518
0.5711008320638153,1.728875704719454
0.1341701288639191,1.850567310314383
0.1317728983792239,0.73194438944144
0.3833595783866599,4.254612039761804
0.9332992503551688,1.9740856404592342
0.3168506500727869,1.2094063965466584
0.6033509371742318,2.670075571190343
0.5284246753568027,4.0197799016176115
0.8263038340864104,4.758659007726263
0.3471293895018772,1.0426943767762789
0.04121613645054456,1.0725683975280085
0.9904317183621876,1.928015010338109
0.6522150425487373,2.284573116690353
0.6371946204352148,3.8359086780432765
0.9981619858636137,3.3994572954349573
0.20672345553475158,0.7601608539018612
0.34875179411804413,1.7257952013078448
0.28804067996962435,2.269315103189688
0.3964915986044768,1.9076844410221063
0.9584440486404204,2.035501840440021
0.8667718821686852,3.1582873562637763
0.4909508048989878,2.0099612795120567
0.5241937921230372,2.878653801287363
0.1351544192127201,0.7592407345980147
0.2878343500223257,2.1969327199233977
0.5551033122109411,0.9844119151437063
0.5815391833027709,1.896429287382601
0.9081454333635133,2.386160001710948
0.7919530130072546,0.5423698474715261
0.36908858468112127,0.8009090915807766
0.19358372909722332,1.5649211779648524
0.035188516690892735,0.6918957825929868
0.21481528356511548,1.4612035762739624
0.6831544528778615,2.589482490408937
0.7453296771306341,2.137887842502704
0.6368692006604794,1.3097361028497823
0.8339368021129535,1.7718178264247437
0.7876077214119311,0.690670835494146
0.3896220950118925,1.2091369931451337
0.1672441443261159,1.2694522121721217
0.2455558865396923,1.1710204058561864
0.12334328496859459,0.6025897533941392
0.09665179921174194,0.9204228178314598
0.20798325346529567,1.569491665773312
0.39596123827650176,2.5012860417446587
0.9653419148887146,3.286299363485274
0.749516850017863,0.7628070336908467
0.3570124626556519,1.0795639938265171
0.6804472652185112,3.953779818310687
0.27228142270436706,0.4610205926190544
0.1781755233576635,1.0331608745323446
0.29702841554183934,2.2185702828772107
0.2295784184812002,1.956945069353835
0.02100567512909457,0.7070940052459787
0.7699225027747032,2.0269948457702758
0.00980051995971265,0.8989992938211372
0.4512719900970106,0.8120006768871043
0.7502203088644092,5.496002802688701
0.2527072996839538,1.4209402240981546
0.6316771548861142,2.166195029087444
0.31617350158504,1.3030060172517388
0.9641500123756754,3.7791362502818244
0.4725625066311133,1.3670913261008792
0.045169992242117596,1.2298821300603704
0.5463164181140475,4.593864401340219
0.6802826148863483,2.4257832051926878
0.1683886513221251,4.411225504966135
0.8435725286360592,1.959459913263662
0.8236500773803476,0.9598533023498972
0.2869306337638917,2.408922900086125
0.5596246237196159,1.6370963378209755
0.020833962163400943,0.5664835126928571
0.02309209605467033,1.6375044575148319
0.36343962784731754,3.2279523209513825
0.6799677394086904,2.489983909375431
0.07699779088341141,1.7449816245583465
0.6663019711543254,1.5973647252657743
0.09987324282357113,2.5290957953960826
0.4463231430788498,1.4284863850517555
0.6842500419558131,2.554715544939735
0.859556147516768,1.6181100495483551
0.5551857778960508,1.8983337256576103
0.38934811171209616,0.9987822312395972
0.9955076597695816,1.5243083518387115
0.10994865057291403,1.185293167090644
0.8741047986399855,1.8087268607373161
0.8738592899926586,0.6808325686796192
0.9057071973992052,2.936129776786599
0.7527572731204628,4.148932734697413
0.8389655970641142,1.8745477960254107
0.4672325017445318,0.36151326029518255
0.9778133469507101,1.3151994620142387
0.18060222988632701,0.38547499590422596
0.18801804677486245,1.006563215219476
0.3140402496588298,0.8964471329921607
0.4274731414038416,2.3931471782766685
0.33780304582012866,2.8339807064627567
0.349278191710651,0.6828617399178826
0.5391206011912943,2.9897127004881594
0.7255041479173935,1.8872066044738776
0.7890240318800388,1.1910376367114957
0.20334562949229895,1.1081012785417783
0.44857147734169955,0.5128465819436422
0.7203723274272242,0.8495262361357078
0.9572802625167693,1.9064528635435292
0.9203538616320143,3.758801300730152
0.8262576118746305,4.364115651439794
0.5936697833279285,3.011386220024474
0.7092166844334155,2.240858900559559
0.2607954937368935,2.1798735236227422
0.11296491362359862,1.5271302663201631
0.2635871885040838,2.931113520208182
0.8893846467927268,1.7990334604571165
0.008742836423471512,0.8709170219323817
0.987564663114826,4.1006368973825715
0.42237167767550676,1.0109634631150608
0.5208066311616394,2.76135718865598
0.7356921590181925,2.174826847343506
0.48767391978986785,2.3465444365703227
0.674549269060654,1.766156557778452
0.8310387157958087,9.822455440984976
0.48878893575972837,2.1543428691502275
0.23455816703804155,1.6103873495403853
0.05439859474102671,1.3425346800355606
0.8966679068893448,1.179281980203851
0.6598262206089357,1.6398861450293647
0.9028080937532904,0.664197828081338
0.41069076868367804,1.6070210088417676
0.9706182980895528,1.6823372754178996
0.5408904934711538,1.6174174269540078
0.43999360560800327,3.002757963081128
0.695685334242591,1.7175372637056794
0.808448395004729,2.027839457990185
0.7320261479369627,2.0537205356030106
0.7636492011603078,1.018423142087985
0.6239536600634995,1.3197107411857614
0.36166662062772326,3.764739134086315
0.07011021019495112,1.0718344528279435
0.030850870120090468,1.3252846704254395
0.33427074009637436,3.059393743773667
0.9439492857268953,2.6545372800205564
0.827444276643242,2.209996184361853
0.7092870638722469,1.9863761981076795
0.8243505437418125,4.106904196088762
0.8121759338337121,1.4730439765414236
0.1353856378276418,1.411707809163096
0.23055262276172994,0.9431021273545608
0.6715314700488121,0.9939153824495728
0.22497042527220168,0.6982564697577436
0.6373618592063939,1.6671951552908257
0.7597874306718052,0.6702689144178272
0.41248138808134627,1.6619585302496942
0.8930241965238046,3.0445023448020274
0.9210409979135254,2.0813563048179966
0.5003750875831668,0.844259842583484
0.517787384130761,2.5769988303312528
0.5049485929438222,2.2438289160627463
0.5568180159413236,1.60972169157439
0.9818738153134268,5.6074278503547585
0.10229248014300107,1.932423205619844
0.23045411583623931,0.7154177918537138
0.8260725275991552,1.8587985350938414
0.7458491949421897,8.556628045215591
0.49232177918294107,1.6526545958864878
0.17996429191385765,0.9454356738773925
0.9526877443197622,1.630280237991309
0.8246135394791541,5.410992878378082
0.7934508621413395,2.8109899349698617
0.6323714707623109,1.5655811333075604
0.24681453719211277,1.053367782628727
0.2992374943508882,1.5272199161457047
0.15681551284025685,0.37317615941769966
0.2441239129351348,2.957058907397818
0.3681393607362681,2.309433234637123
0.17721422483755978,0.8823469975136038
0.5872158744445823,3.9241852774004657
0.1626707308131321,1.9551561396189832
0.02277113003149156,1.4487009009843588
0.44031624680585624,1.3676884620922736
0.06026880298992865,0.7897343173432808
0.38504196201427565,1.0520956559883523
0.19881851757196656,0.9038768993824652
0.7177272004153648,5.046157824214213
0.6204969974861204,2.288218068933774
0.8446686668097881,1.1816277122829495
0.311649514754738,2.5161903285696203
0.8381500119523289,1.3836914722944018
0.11373307922760811,1.6909860745316114
0.508123190499537,1.6782934221910428
0.46825035809667126,0.48515189959470867
0.4479494908966378,1.5062963697664842
0.1015418639510568,2.165567365148323
0.16392380893285752,2.1554922642345455
0.9786682019874267,3.206583119106505
0.25224852373887574,0.9431016276357057
0.3567139996101818,1.0104469568458252
0.08433867249388072,1.095266943554798
0.5961211060349465,1.2014753755391643
0.359349409152367,2.3568252529216736
0.2920868722999449,0.6786321385371756
0.6356604206290601,2.2695625971921487
0.5823761063214495,2.3914959838529573
0.6567612035691393,2.2868877240710446
0.7249785396276212,2.604546676325668
0.8630402642780215,2.0141177265773322
0.882900643440167,5.3524116599255285
0.3928884975029573,1.045681951175742
0.4795481428279338,1.1842376589218555
0.6647912833611322,1.8984280337191584
0.6678606634684761,0.6612371183108022
0.5076270255767128,1.0332978229327308
0.1167719640557241,0.4729407780476004
0.13055428617627607,0.9287635535316158
0.6850288768138847,2.209309123122217
0.5841920834284641,1.2003142688729116
0.19241056990411665,1.4033752687358176
0.1549387662575904,2.2569689351296285
0.052334304580860636,0.7066839070098822
0.3745721504361541,2.885775801471903
0.9123435368544066,0.3091782060269906
0.46582643817100533,1.6808847383270034
0.7053262834870537,1.3792363236064629
0.16504973822561975,1.254031866806228
0.3282549434466048,1.3464029529932038
0.37294346687402236,0.5145630130457296
0.6565635289851551,2.9714377287684464
0.9488564021872046,2.024480872555011
0.5046729145931943,1.2319759064155225
0.7404315308408412,1.1881615153595813
0.5909170481291464,2.1206247147630854
0.7816411405943497,0.6398549116883521
0.44418408602208104,0.3866195479002568
0.6679272145342529,3.11137799060691
0.64648331513126,4.334549794075309
0.5906850155698573,1.3552647166383511
0.4079568559757111,1.8389437670080817
0.9406538419521892,1.404120523109184
0.7670697864764543,2.319050192158298
0.6426555701619334,1.4315465653329564
0.3357220295215312,2.8837075906087293
0.45531335072002255,1.4031437602914942
0.3382533839572618,2.146445268064444
0.16599537342519866,1.4411971267326769
0.9722880973210535,1.0054550517183538
0.0007168985273340311,0.8565690308285399
0.30072610484797146,3.8480479210485528
0.9079274174570997,0.7238005589997996
0.5274544389765552,1.887702803211507
0.7878149314428913,2.711533779381913
0.4139309442057286,2.141920945705637
0.005707796090289929,1.302939419919957
0.7991604743056947,5.300391195318869
0.1028897918360514,2.287764275742067
0.29451239324300094,0.8372136827148114
0.23658254195021344,2.0180389387544273
0.618536059784158,0.822676641734901
0.9884745399341135,1.065241344284617
0.8149426395938393,3.0976630867606816
0.9498689134630812,5.3141707632702815
0.13619913064964317,0.893512689341204
0.09944595376123155,0.696655801752655
0.866214686178911,1.192798503739609
0.816331769188502,3.04181632684355
0.7170109675805825,8.474942284799114
0.8901549333558337,1.4659816338859752
0.4199249005914686,0.88369783793292
0.6159459312748106,1.4149558041451187
0.31116997653974476,2.9402007962545005
0.19026292825808655,1.306022122043846
0.8098512448140485,2.0672461585763724
0.027151718187572338,0.9953636862428012
0.9133245926642777,5.280298515293166
0.9816227168951608,2.7513185446490325
0.7191629830612633,1.119088488527962
0.8268237000990345,2.557749744177752
0.031591947782825036,0.48960549594319264
0.05816699540241543,2.1923799902138033
0.8728065674270695,1.1556357456104636
0.6035132880272763,3.47177385763054
0.9976581443483761,1.698971313784992
0.10465563075881357,2.431633102065357
0.21599961476800777,0.46941910846180507
0.005840480349093902,1.618158951385256
0.3278358031838563,1.1876452549024428
0.34135980642427177,1.6250884983674077
0.3531352573299801,0.9524284395402524
0.5784882534293676,1.5641146319242163
0.11453444445325844,1.1715287440116569
0.5916917715984784,2.5649226589028826
0.11793238194456812,0.6583337107515334
0.9707768418337365,3.9463291694420097
0.12776563584167933,0.578383616969797
0.9004972847944082,4.4242710684003494
0.01707092576600877,0.8805595044039183
0.353839573441159,1.3596478043861642
0.6672265592672721,3.7891027498930585
0.7821466159802978,1.151153178328618
0.3248944515787108,1.8252696471965644
0.7007406931643877,3.705902743717363
0.11931890622004393,1.3360040166348264
0.5253993387607514,1.1373195956932618
0.7403607670476153,6.052760217197227
0.06705780315156762,1.0636803476131538
0.9933849155410256,2.8758227164575105
0.9269873528482586,1.4838742302468144
0.4704231389237238,3.0457245858051887
0.6755669335651807,3.7618167242175833
0.38660706908216325,1.8227399876535133
0.6124674884746689,1.9970586421062817
0.8364617705373911,0.8698076166141333
0.0026072317706210546,3.3321032633456977
0.6470110681537213,2.141890951389121
0.7493698966933954,1.690260490263836
0.24881622155248684,1.9754654991258827
0.2688609905241416,0.4562551536456494
0.5252064197379125,1.1240281063759137
0.08260834587441346,1.3520658796543388
0.04829084507656045,1.5578999722261164
0.31951720831424346,2.947854210950491
0.0745746536167049,1.4807329859314207
0.8203390359877514,1.7016652427671493
0.7265511545428502,2.0121008235873274
0.8522425894315897,3.744910723734374
0.747954298633127,1.6203031468186553
0.13941027392780836,2.9925759924293645
0.34284409933727644,1.4185458252994136
0.2720330806407846,0.6644604921669108
0.2258235757850371,0.8796263933084262
0.9935566839792896,2.7727648112313292
0.9099734343703106,0.905801840479653
0.5910931880577827,2.3980332016062555
0.43442776620188794,4.757378096568682
0.18116604568118833,0.6039445524649734
0.9104973000691697,1.2104661149264446
0.9433417876428958,2.6992785313130994
0.7314364346958635,5.594943864306967
0.9821107158435279,6.686966274492165
0.7386735699446599,1.8434544810025009
0.4819462758715951,1.2415536970027734
0.10054989048000962,1.0570935499769258
